{"metadata":{"asset_id":"d65bae57-2e62-4e75-927e-ad7a36e4edc8","asset_attributes":["data_asset","data_profile"],"name":"credit_risk_training.csv","asset_type":"data_asset","created_at":"2021-03-03T22:02:59Z","description":"German Credit Risk training data set as a flat file","origin_country":"us","owner_id":"IBMid-50U4T7KF3V","project_id":"787c54aa-c7fc-4ed6-9629-8f1c249b554d","size":832415,"tags":["ml","train","credit","pii"],"usage":{"last_update_time":1614864454157,"last_updated_at":"2021-03-04T13:27:34Z"}},"entity":{"data_asset":{"mime_type":"text/csv","dataset":false,"columns":[{"name":"CheckingStatus","type":{"type":"varchar","length":1024,"scale":0,"nullable":true,"signed":false}},{"name":"LoanDuration","type":{"type":"varchar","length":1024,"scale":0,"nullable":true,"signed":false}},{"name":"CreditHistory","type":{"type":"varchar","length":1024,"scale":0,"nullable":true,"signed":false}},{"name":"LoanPurpose","type":{"type":"varchar","length":1024,"scale":0,"nullable":true,"signed":false}},{"name":"LoanAmount","type":{"type":"varchar","length":1024,"scale":0,"nullable":true,"signed":false}},{"name":"ExistingSavings","type":{"type":"varchar","length":1024,"scale":0,"nullable":true,"signed":false}},{"name":"EmploymentDuration","type":{"type":"varchar","length":1024,"scale":0,"nullable":true,"signed":false}},{"name":"InstallmentPercent","type":{"type":"varchar","length":1024,"scale":0,"nullable":true,"signed":false}},{"name":"Sex","type":{"type":"varchar","length":1024,"scale":0,"nullable":true,"signed":false}},{"name":"OthersOnLoan","type":{"type":"varchar","length":1024,"scale":0,"nullable":true,"signed":false}},{"name":"CurrentResidenceDuration","type":{"type":"varchar","length":1024,"scale":0,"nullable":true,"signed":false}},{"name":"OwnsProperty","type":{"type":"varchar","length":1024,"scale":0,"nullable":true,"signed":false}},{"name":"Age","type":{"type":"varchar","length":1024,"scale":0,"nullable":true,"signed":false}},{"name":"InstallmentPlans","type":{"type":"varchar","length":1024,"scale":0,"nullable":true,"signed":false}},{"name":"Housing","type":{"type":"varchar","length":1024,"scale":0,"nullable":true,"signed":false}},{"name":"ExistingCreditsCount","type":{"type":"varchar","length":1024,"scale":0,"nullable":true,"signed":false}},{"name":"Job","type":{"type":"varchar","length":1024,"scale":0,"nullable":true,"signed":false}},{"name":"Dependents","type":{"type":"varchar","length":1024,"scale":0,"nullable":true,"signed":false}},{"name":"Telephone","type":{"type":"varchar","length":1024,"scale":0,"nullable":true,"signed":false}},{"name":"ForeignWorker","type":{"type":"varchar","length":1024,"scale":0,"nullable":true,"signed":false}},{"name":"Risk","type":{"type":"varchar","length":1024,"scale":0,"nullable":true,"signed":false}}]},"data_profile":{"e408614d-a4e9-46a3-ad3b-d61ba43e802f":{"metadata":{"guid":"e408614d-a4e9-46a3-ad3b-d61ba43e802f","asset_id":"e408614d-a4e9-46a3-ad3b-d61ba43e802f","dataset_id":"d65bae57-2e62-4e75-927e-ad7a36e4edc8","url":"https://api.dataplatform.cloud.ibm.com/v2/data_profiles/e408614d-a4e9-46a3-ad3b-d61ba43e802f?project_id=787c54aa-c7fc-4ed6-9629-8f1c249b554d&dataset_id=d65bae57-2e62-4e75-927e-ad7a36e4edc8","project_id":"787c54aa-c7fc-4ed6-9629-8f1c249b554d","created_at":"2021-03-04T13:24:03.940Z","accessed_at":"2021-03-04T13:24:03.940Z","owner_id":"IBMid-50U4T7KF3V","last_updater_id":"IBMid-50U4T7KF3V"},"entity":{"data_profile":{"options":{"disable_profiling":false,"max_row_count":5000,"max_distribution_size":100,"max_numeric_stats_bins":200,"max_columns_per_task":250,"max_rows_per_batch":10000,"enable_fast_classification":false,"enable_dqa":true,"classification_options":{"disabled":false,"use_all_ibm_classes":true,"use_all_custom_classes":true,"ibm_class_codes":[],"custom_class_codes":[]}},"execution":{"status":"finished","is_supported":true,"dataflow_id":"2304dcc7-6a42-4fcf-8d22-5f4bb2e787b4","dataflow_run_id":"009f0818-3773-42b8-8af4-55ea17025a1d"},"columns":[],"logs":[],"attachment_id":"dbe23f29-87e5-4750-ad32-01eda5df5bef"}},"href":"https://api.dataplatform.cloud.ibm.com/v2/data_profiles/e408614d-a4e9-46a3-ad3b-d61ba43e802f?project_id=787c54aa-c7fc-4ed6-9629-8f1c249b554d&dataset_id=d65bae57-2e62-4e75-927e-ad7a36e4edc8"},"attribute_classes":["NoClassDetected","US Zip Code","Gender","Boolean","City"]}},"attachments":[{"id":"97234c0f-f737-4855-8a81-77b71f0b56aa","version":2,"asset_type":"data_asset","name":"credit_risk_training.csv","mime":"text/csv","datasource_type":"193a97c1-4475-4a19-b90c-295c4fdc6517","object_key":"credit_risk_training.csv","creator_id":"IBMid-50U4T7KF3V","create_time":1614808980740,"size":694219,"is_remote":false,"is_managed":false,"is_referenced":true,"is_object_key_read_only":true,"is_user_provided_path_key":true,"transfer_complete":true,"is_partitioned":false,"complete_time_ticks":1614808980740,"user_data":{},"test_doc":0,"handle":{"bucket":"icdemoautoai-donotdelete-pr-qtdxkgey11cp9c","location":"us-geo","key":"credit_risk_training.csv","upload_id":"done","max_part_num":1},"usage":{"access_count":0,"last_accessor_id":"IBMid-50U4T7KF3V","last_access_time":1614808980740}},{"id":"dbe23f29-87e5-4750-ad32-01eda5df5bef","version":2,"asset_type":"data_profile","name":"data_profile_e408614d-a4e9-46a3-ad3b-d61ba43e802f","datasource_type":"193a97c1-4475-4a19-b90c-295c4fdc6517","object_key":"data_profile_e408614d-a4e9-46a3-ad3b-d61ba43e802f","creator_id":"iam-ServiceId-1e70d006-6759-47d2-a7a9-ea2b309baf79","create_time":1614864446992,"size":138196,"is_remote":false,"is_managed":false,"is_referenced":true,"is_object_key_read_only":false,"is_user_provided_path_key":true,"transfer_complete":true,"is_partitioned":false,"complete_time_ticks":1614864446992,"user_data":{},"test_doc":0,"handle":{"bucket":"icdemoautoai-donotdelete-pr-qtdxkgey11cp9c","location":"us-geo","key":"data_profile_e408614d-a4e9-46a3-ad3b-d61ba43e802f","upload_id":"done","max_part_num":1},"usage":{"access_count":0,"last_accessor_id":"iam-ServiceId-1e70d006-6759-47d2-a7a9-ea2b309baf79","last_access_time":1614864446992}}]}
