{"metadata":{"asset_id":"9dc0bb9a-1af4-448a-8433-0cc8918f0cee","asset_attributes":["data_asset"],"name":"Subcontractor.csv","asset_type":"data_asset","created_at":"2021-04-21T11:51:14Z","description":"","origin_country":"us","owner_id":"IBMid-50U4T7KF3V","project_id":"787c54aa-c7fc-4ed6-9629-8f1c249b554d","size":22,"tags":[],"usage":{"last_update_time":1619005876078,"last_updated_at":"2021-04-21T11:51:16Z"}},"entity":{"data_asset":{"mime_type":"text/csv","dataset":false}},"attachments":[{"id":"d2b48632-49c5-40c2-ab30-5fdbb0985016","version":2,"asset_type":"data_asset","name":"Subcontractor.csv","mime":"text/csv","datasource_type":"193a97c1-4475-4a19-b90c-295c4fdc6517","object_key":"Subcontractor.csv","creator_id":"IBMid-50U4T7KF3V","create_time":1619005876077,"size":22,"is_remote":false,"is_managed":false,"is_referenced":true,"is_object_key_read_only":true,"is_user_provided_path_key":true,"transfer_complete":true,"is_partitioned":false,"complete_time_ticks":1619005876077,"user_data":{},"test_doc":0,"handle":{"bucket":"icdemoautoai-donotdelete-pr-qtdxkgey11cp9c","location":"us-geo","key":"Subcontractor.csv","upload_id":"done","max_part_num":1},"usage":{"access_count":0,"last_accessor_id":"IBMid-50U4T7KF3V","last_access_time":1619005876077}}]}
