{"metadata":{"asset_id":"fdfed15e-17e8-4d97-bf19-35eae9e69c49","asset_attributes":["data_asset"],"name":"Activity.csv","asset_type":"data_asset","created_at":"2021-04-21T11:51:15Z","description":"","origin_country":"us","owner_id":"IBMid-50U4T7KF3V","project_id":"787c54aa-c7fc-4ed6-9629-8f1c249b554d","size":422,"tags":[],"usage":{"last_update_time":1619005876864,"last_updated_at":"2021-04-21T11:51:16Z"}},"entity":{"data_asset":{"mime_type":"text/csv","dataset":false}},"attachments":[{"id":"2f9c3f9d-8716-4fdb-8f0e-0520cf762797","version":2,"asset_type":"data_asset","name":"Activity.csv","mime":"text/csv","datasource_type":"193a97c1-4475-4a19-b90c-295c4fdc6517","object_key":"Activity.csv","creator_id":"IBMid-50U4T7KF3V","create_time":1619005876863,"size":422,"is_remote":false,"is_managed":false,"is_referenced":true,"is_object_key_read_only":true,"is_user_provided_path_key":true,"transfer_complete":true,"is_partitioned":false,"complete_time_ticks":1619005876863,"user_data":{},"test_doc":0,"handle":{"bucket":"icdemoautoai-donotdelete-pr-qtdxkgey11cp9c","location":"us-geo","key":"Activity.csv","upload_id":"done","max_part_num":1},"usage":{"access_count":0,"last_accessor_id":"IBMid-50U4T7KF3V","last_access_time":1619005876863}}]}
