{"metadata":{"asset_id":"43a577fe-db1a-4547-ba7f-5adfb502a609","asset_attributes":["data_asset"],"name":"Expertise.csv","asset_type":"data_asset","created_at":"2021-04-21T11:51:14Z","description":"","origin_country":"us","owner_id":"IBMid-50U4T7KF3V","project_id":"787c54aa-c7fc-4ed6-9629-8f1c249b554d","size":499,"tags":[],"usage":{"last_update_time":1619005875605,"last_updated_at":"2021-04-21T11:51:15Z"}},"entity":{"data_asset":{"mime_type":"text/csv","dataset":false}},"attachments":[{"id":"a49e8733-3d43-4576-a106-5c637bdaee6e","version":2,"asset_type":"data_asset","name":"Expertise.csv","mime":"text/csv","datasource_type":"193a97c1-4475-4a19-b90c-295c4fdc6517","object_key":"Expertise.csv","creator_id":"IBMid-50U4T7KF3V","create_time":1619005875604,"size":499,"is_remote":false,"is_managed":false,"is_referenced":true,"is_object_key_read_only":true,"is_user_provided_path_key":true,"transfer_complete":true,"is_partitioned":false,"complete_time_ticks":1619005875604,"user_data":{},"test_doc":0,"handle":{"bucket":"icdemoautoai-donotdelete-pr-qtdxkgey11cp9c","location":"us-geo","key":"Expertise.csv","upload_id":"done","max_part_num":1},"usage":{"access_count":0,"last_accessor_id":"IBMid-50U4T7KF3V","last_access_time":1619005875604}}]}
