{"metadata":{"asset_id":"eb061a83-43c5-4315-9b82-655ba94f2815","asset_attributes":["notebook"],"name":"GermanCreditRisk - P3 notebook","asset_type":"notebook","created_at":"2021-04-22T16:37:37Z","description":"","origin_country":"us","owner_id":"IBMid-50U4T7KF3V","project_id":"787c54aa-c7fc-4ed6-9629-8f1c249b554d","size":25391,"tags":["auto"],"usage":{"last_update_time":1619109477468,"last_updated_at":"2021-04-22T16:37:57Z"}},"entity":{"notebook":{"kernel":{"display_name":"Python 3.7","name":"python3","language":"python"},"originates_from":{"type":"blank"},"runtime":{"environment":"conda4py37-787c54aa-c7fc-4ed6-9629-8f1c249b554d"}}},"attachments":[{"id":"1a90cbf5-07f1-4f6b-af8c-ce87305f9d46","version":2,"asset_type":"notebook","name":"GermanCreditRisk - P3 notebook","datasource_type":"193a97c1-4475-4a19-b90c-295c4fdc6517","creator_id":"IBMid-50U4T7KF3V","create_time":1619109475169,"size":25391,"is_remote":false,"is_managed":true,"is_referenced":false,"is_object_key_read_only":false,"is_user_provided_path_key":false,"transfer_complete":true,"is_partitioned":false,"complete_time_ticks":1619109477467,"user_data":{},"test_doc":0,"handle":{"bucket":"icdemoautoai-donotdelete-pr-qtdxkgey11cp9c","location":"us-geo","type":"bluemix_cos","key":"dbd52bae-21b0-4e1a-a5ca-29ab90e32cb8/eb061a83-43c5-4315-9b82-655ba94f2815/1a90cbf5-07f1-4f6b-af8c-ce87305f9d46","upload_id":"done","max_part_num":1},"usage":{"access_count":0,"last_accessor_id":"IBMid-50U4T7KF3V","last_access_time":1619109475169}}]}
