{"metadata":{"asset_id":"f7ecc83c-daeb-4627-b393-d1f5dabd013e","asset_attributes":["notebook"],"name":"LogReg Implementation - IC DEMO - P4 notebook","asset_type":"notebook","created_at":"2021-04-21T12:08:37Z","description":"","origin_country":"us","owner_id":"IBMid-50U4T7KF3V","project_id":"787c54aa-c7fc-4ed6-9629-8f1c249b554d","size":23036,"tags":["ml","autoai"],"usage":{"last_update_time":1619006923207,"last_updated_at":"2021-04-21T12:08:43Z"}},"entity":{"notebook":{"kernel":{"display_name":"Python 3.7","name":"python3","language":"python"},"originates_from":{"type":"blank"},"runtime":{"environment":"conda4py37-787c54aa-c7fc-4ed6-9629-8f1c249b554d"}}},"attachments":[{"id":"d7199b0d-ce50-49e8-84b1-bc0da4b735eb","version":2,"asset_type":"notebook","name":"LogReg Implementation - IC DEMO - P4 notebook","datasource_type":"193a97c1-4475-4a19-b90c-295c4fdc6517","creator_id":"IBMid-50U4T7KF3V","create_time":1619006920493,"size":23036,"is_remote":false,"is_managed":true,"is_referenced":false,"is_object_key_read_only":false,"is_user_provided_path_key":false,"transfer_complete":true,"is_partitioned":false,"complete_time_ticks":1619006923206,"user_data":{},"test_doc":0,"handle":{"bucket":"icdemoautoai-donotdelete-pr-qtdxkgey11cp9c","location":"us-geo","type":"bluemix_cos","key":"dbd52bae-21b0-4e1a-a5ca-29ab90e32cb8/f7ecc83c-daeb-4627-b393-d1f5dabd013e/d7199b0d-ce50-49e8-84b1-bc0da4b735eb","upload_id":"done","max_part_num":1},"usage":{"access_count":0,"last_accessor_id":"IBMid-50U4T7KF3V","last_access_time":1619006920493}}]}
