{"metadata":{"asset_id":"fd1db962-2e5f-45d2-ba0a-c38dd9936b07","asset_attributes":["notebook"],"name":"IC DEMO - P4 notebook","asset_type":"notebook","created_at":"2021-04-21T14:21:39Z","description":"Automate boring boilerplate code","origin_country":"us","owner_id":"IBMid-50U4T7KF3V","project_id":"787c54aa-c7fc-4ed6-9629-8f1c249b554d","size":23036,"tags":[],"usage":{"last_update_time":1619014905304,"last_updated_at":"2021-04-21T14:21:45Z"}},"entity":{"notebook":{"kernel":{"display_name":"Python 3.7","name":"python3","language":"python"},"originates_from":{"type":"blank"},"runtime":{"environment":"conda4py37-787c54aa-c7fc-4ed6-9629-8f1c249b554d"}}},"attachments":[{"id":"939049fc-73d8-4cd9-b765-830bb81ef28d","version":2,"asset_type":"notebook","name":"IC DEMO - P4 notebook","description":"Automate boring boilerplate code","datasource_type":"193a97c1-4475-4a19-b90c-295c4fdc6517","creator_id":"IBMid-50U4T7KF3V","create_time":1619014902999,"size":23036,"is_remote":false,"is_managed":true,"is_referenced":false,"is_object_key_read_only":false,"is_user_provided_path_key":false,"transfer_complete":true,"is_partitioned":false,"complete_time_ticks":1619014905303,"user_data":{},"test_doc":0,"handle":{"bucket":"icdemoautoai-donotdelete-pr-qtdxkgey11cp9c","location":"us-geo","type":"bluemix_cos","key":"dbd52bae-21b0-4e1a-a5ca-29ab90e32cb8/fd1db962-2e5f-45d2-ba0a-c38dd9936b07/939049fc-73d8-4cd9-b765-830bb81ef28d","upload_id":"done","max_part_num":1},"usage":{"access_count":0,"last_accessor_id":"IBMid-50U4T7KF3V","last_access_time":1619014902999}}]}
