[{"metadata":{"asset_id":"19dc14c2-fbc8-4831-858c-36d9f1bfa585","name":"Demo","description":"","tags":[],"asset_type":"orchestration_flow","origin_country":"us","rov":{"mode":0},"owner_id":"IBMid-50U4T7KF3V","created_at":"2021-03-11T15:57:49Z"},"entity":{"orchestration_flow":{"created_at":1615478268,"default_version":{"id":"19dc14c2-fbc8-4831-858c-36d9f1bfa585-1","version_code_source_url":"","version_created_at":1615478268,"version_name":"Demo","version_parameters":"[{\"name\":\"deployment_space\",\"value\":\"\"}]","version_status":"VOLATILE"},"default_version_id":"19dc14c2-fbc8-4831-858c-36d9f1bfa585-1","deleted_versions":[],"status":"VOLATILE","version_code_source_url":"","version_created_at":1615478268,"version_name":"Demo","version_parameters":"[{\"name\":\"deployment_space\",\"value\":\"\"}]","version_status":"VOLATILE"}},"attachments":null}]
