{"metadata":{"asset_id":"88f5016d-9625-4529-9389-1e4f54b60ebc","asset_attributes":["wml_model"],"name":"advancesP4_global_output","asset_type":"wml_model","created_at":"2021-04-19T18:28:48Z","description":"","origin_country":"us","owner_id":"IBMid-50U4T7KF3V","project_id":"787c54aa-c7fc-4ed6-9629-8f1c249b554d","sandbox_id":"787c54aa-c7fc-4ed6-9629-8f1c249b554d","size":29767,"tags":["demo","parent_run_566ff0fa-6cd9-4d97-af84-465001c67871"],"usage":{"last_update_time":1618856942521,"last_updated_at":"2021-04-19T18:29:02Z"}},"entity":{"wml_model":{"content_location":{"connection":{"endpoint_url":"https://s3-api.us-geo.objectstorage.softlayer.net","accessKeyId":"f62a32d8764d49ff96631fde1db0e59a","api_key":"W1Y7b05Q7GWcHbJLC0PtBIkrey_yt49aHo2Dtdek-jiV","secret_access_key":"2d400806517d5527e635d39a07738873f5d9750d153d16af","access_key_id":"f62a32d8764d49ff96631fde1db0e59a"},"contents":[{"content_format":"native","file_name":"pipeline_model.json","location":"run_a46be95f-7296-483a-bcf4-ce8c6efcb9a2/assets/d76b7c76-6ebe-4476-8f81-5ef2d33751de/assets/d76b7c76-6ebe-4476-8f81-5ef2d33751de_P4_global_output/resources/wml_model/pipeline_model.json"},{"content_format":"pipeline-node","file_name":"P4_automl.zip","location":"run_a46be95f-7296-483a-bcf4-ce8c6efcb9a2/assets/d76b7c76-6ebe-4476-8f81-5ef2d33751de/assets/d76b7c76-6ebe-4476-8f81-5ef2d33751de_P4_global_output/resources/wml_model/P4_automl.zip","pipeline_node_id":"automl"}],"location":{"path":"run_a46be95f-7296-483a-bcf4-ce8c6efcb9a2/assets","notebooks_path":"run_a46be95f-7296-483a-bcf4-ce8c6efcb9a2/assets/d76b7c76-6ebe-4476-8f81-5ef2d33751de/notebooks","training":"run_a46be95f-7296-483a-bcf4-ce8c6efcb9a2/assets/d76b7c76-6ebe-4476-8f81-5ef2d33751de","training_status":"run_a46be95f-7296-483a-bcf4-ce8c6efcb9a2/assets/d76b7c76-6ebe-4476-8f81-5ef2d33751de/training-status.json","bucket":"icdemoautoai-donotdelete-pr-qtdxkgey11cp9c","assets_path":"run_a46be95f-7296-483a-bcf4-ce8c6efcb9a2/assets/d76b7c76-6ebe-4476-8f81-5ef2d33751de/assets"},"type":"s3"},"label_column":"Risk","metrics":[{"context":{"classes":["No Risk","Risk"],"features_importance":[{"computation_type":"","features":{"LoanAmount":0.39,"Job":0.17,"LoanDuration":0.71,"CurrentResidenceDuration":0.96,"ForeignWorker":0.07,"Housing":0.3,"EmploymentDuration":0.29,"InstallmentPercent":0.08,"ExistingSavings":0.06,"CheckingStatus":0.22,"LoanPurpose":0.05,"InstallmentPlans":0.25,"OthersOnLoan":1,"Age":0.69,"CreditHistory":0.51,"ExistingCreditsCount":0.99,"Telephone":0.47,"Sex":0.19,"Dependents":0,"OwnsProperty":0.52},"stage":"Mean"}],"intermediate_model":{"composition_steps":["TrainingDataset_full_4982_20","Split_TrainingHoldout","TrainingDataset_full_4483_20","Preprocessor_default","DAUB","hpo_d","cognito","hpo_c"],"duration":134174,"location":{"model":"run_a46be95f-7296-483a-bcf4-ce8c6efcb9a2/assets/d76b7c76-6ebe-4476-8f81-5ef2d33751de/data/automl/global_output/Pipeline3/model.pickle","pipeline":"run_a46be95f-7296-483a-bcf4-ce8c6efcb9a2/assets/d76b7c76-6ebe-4476-8f81-5ef2d33751de/data/automl/global_output/Pipeline3/pipeline.json","pipeline_model":"run_a46be95f-7296-483a-bcf4-ce8c6efcb9a2/assets/d76b7c76-6ebe-4476-8f81-5ef2d33751de/data/automl/global_output/Pipeline3/pipeline-model.json"},"name":"P4","pipeline_nodes":["PreprocessingTransformer","XGBClassifierEstimator"],"process":"global_output"},"phase":"global_output"},"ml_metrics":{"training_roc_auc":0.8454783619744113,"holdout_average_precision":0.7650455899662818,"holdout_neg_log_loss":-0.44783687569202857,"training_accuracy":0.7619918544486382,"holdout_roc_auc":0.8508404876993001,"training_balanced_accuracy":0.7403478819460737,"training_f1":0.6551518166977716,"holdout_precision":0.6555555555555556,"training_average_precision":0.7598471474710268,"training_neg_log_loss":-0.45429859692921687,"holdout_recall":0.7065868263473054,"training_precision":0.6372101806839918,"holdout_accuracy":0.7775551102204409,"holdout_balanced_accuracy":0.759919919197749,"training_recall":0.6746506986027945,"holdout_f1":0.6801152737752162},"timestamp":"2021-04-19T18:28:27.000Z"}],"ml_version":"4.0.8","type":"wml-hybrid_0.1","software_spec":{"base_id":"8c1a58c6-62b5-4dc4-987a-df751c2756b6","name":"hybrid_0.1"},"content_import_state":"completed"}},"attachments":[{"id":"489a99ab-ad4d-4eda-9a37-20ea55177533","version":2,"asset_type":"wml_model","name":"pipeline_model.json","datasource_type":"193a97c1-4475-4a19-b90c-295c4fdc6517","creator_id":"IBMid-50U4T7KF3V","create_time":1618856931660,"size":1426,"is_remote":false,"is_managed":true,"is_referenced":false,"is_object_key_read_only":false,"is_user_provided_path_key":false,"transfer_complete":true,"is_partitioned":false,"complete_time_ticks":1618856934429,"user_data":{"content_format":"native"},"test_doc":0,"handle":{"bucket":"icdemoautoai-donotdelete-pr-qtdxkgey11cp9c","location":"us-geo","type":"bluemix_cos","key":"dbd52bae-21b0-4e1a-a5ca-29ab90e32cb8/88f5016d-9625-4529-9389-1e4f54b60ebc/489a99ab-ad4d-4eda-9a37-20ea55177533","upload_id":"done","max_part_num":1},"usage":{"access_count":0,"last_accessor_id":"IBMid-50U4T7KF3V","last_access_time":1618856931660}},{"id":"81873894-4dd2-4d84-bdc6-c0f4808e53b6","version":2,"asset_type":"wml_model","name":"P4_automl.zip","datasource_type":"193a97c1-4475-4a19-b90c-295c4fdc6517","creator_id":"IBMid-50U4T7KF3V","create_time":1618856937298,"size":28341,"is_remote":false,"is_managed":true,"is_referenced":false,"is_object_key_read_only":false,"is_user_provided_path_key":false,"transfer_complete":true,"is_partitioned":false,"complete_time_ticks":1618856941609,"user_data":{"content_format":"pipeline-node","pipeline_node_id":"automl"},"test_doc":0,"handle":{"bucket":"icdemoautoai-donotdelete-pr-qtdxkgey11cp9c","location":"us-geo","type":"bluemix_cos","key":"dbd52bae-21b0-4e1a-a5ca-29ab90e32cb8/88f5016d-9625-4529-9389-1e4f54b60ebc/81873894-4dd2-4d84-bdc6-c0f4808e53b6","upload_id":"done","max_part_num":1},"usage":{"access_count":0,"last_accessor_id":"IBMid-50U4T7KF3V","last_access_time":1618856937298}}]}
