{"metadata":{"asset_id":"4cca818f-0908-49bf-9097-17cc8cc38cda","asset_attributes":["wml_pipeline"],"name":"IC DEMO","asset_type":"wml_pipeline","created_at":"2021-03-04T15:43:55Z","description":"","origin_country":"us","owner_id":"IBMid-50U4T7KF3V","project_id":"787c54aa-c7fc-4ed6-9629-8f1c249b554d","sandbox_id":"787c54aa-c7fc-4ed6-9629-8f1c249b554d","size":0,"tags":["dsx-project.787c54aa-c7fc-4ed6-9629-8f1c249b554d"],"usage":{"last_update_time":1614872635413,"last_updated_at":"2021-03-04T15:43:55Z"}},"entity":{"wml_pipeline":{"document":{"doc_type":"pipeline","pipelines":[{"id":"autoai","nodes":[{"id":"automl","op":"kube","parameters":{"output_logs":true,"input_file_separator":",","stage_flag":true,"optimization":{"compute_pipeline_notebooks_flag":true,"daub_adaptive_subsampling_max_mem_usage":15000000000,"holdout_param":0.1,"label":"Risk","learning_type":"classification","max_num_daub_ensembles":2,"positive_label":"No Risk","run_cognito_flag":true,"scorer_for_ranking":"precision"},"one_vs_all_file":true},"runtime_ref":"autoai","type":"execution_node"}],"runtime_ref":"hybrid"}],"primary_pipeline":"autoai","runtimes":[{"app_data":{"wml_data":{"hardware_spec":{"base_id":"a6c4923b-b8e4-444c-9f43-8a7ec3020110","name":"L"}}},"id":"autoai","name":"auto_ai.kb"}],"version":"2.0"},"ml_version":"4.0.0"}}}
