{"metadata":{"asset_id":"0fdc934f-a2d3-41c3-bbad-0577111234af","asset_attributes":["wml_model"],"name":"IC DEMO - P4 LogisticRegressionEstimator","asset_type":"wml_model","created_at":"2021-04-21T12:08:05Z","description":"","origin_country":"us","owner_id":"IBMid-50U4T7KF3V","project_id":"787c54aa-c7fc-4ed6-9629-8f1c249b554d","sandbox_id":"787c54aa-c7fc-4ed6-9629-8f1c249b554d","size":8228,"tags":[],"usage":{"last_update_time":1619006896389,"last_updated_at":"2021-04-21T12:08:16Z"}},"entity":{"wml_model":{"hybrid_pipeline_software_specs":[{"base_id":"632d4b22-10aa-5180-88f0-f52dfb6444d7","name":"autoai-kb_3.1-py3.7"}],"pipeline":{"id":"4cca818f-0908-49bf-9097-17cc8cc38cda"},"ml_version":"4.0.9","type":"wml-hybrid_0.1","schemas":{"input":[{"fields":[{"name":"CheckingStatus","type":"other"},{"name":"LoanDuration","type":"integer"},{"name":"CreditHistory","type":"other"},{"name":"LoanPurpose","type":"other"},{"name":"LoanAmount","type":"integer"},{"name":"ExistingSavings","type":"other"},{"name":"EmploymentDuration","type":"other"},{"name":"InstallmentPercent","type":"integer"},{"name":"Sex","type":"other"},{"name":"OthersOnLoan","type":"other"},{"name":"CurrentResidenceDuration","type":"integer"},{"name":"OwnsProperty","type":"other"},{"name":"Age","type":"integer"},{"name":"InstallmentPlans","type":"other"},{"name":"Housing","type":"other"},{"name":"ExistingCreditsCount","type":"integer"},{"name":"Job","type":"other"},{"name":"Dependents","type":"integer"},{"name":"Telephone","type":"other"},{"name":"ForeignWorker","type":"other"}],"id":"auto_ai_kb_input_schema"}],"output":[]},"content_location":{"connection":{"access_key_id":"4d3b33e6ec6e4ce0bc57fd094393a6cd","endpoint_url":"https://s3-api.us-geo.objectstorage.softlayer.net","secret_access_key":"76b1ddd28e19a5281e71740c607696ba34a01824dcd28a40","accessKeyId":"4d3b33e6ec6e4ce0bc57fd094393a6cd"},"contents":[{"content_format":"native","file_name":"pipeline_model.json","location":"auto_ml/91e8f3f6-276e-414a-9cf3-46135f38b994/wml_data/498b7a08-1086-419e-9b95-c8dbbe26f561/assets/498b7a08-1086-419e-9b95-c8dbbe26f561_P4_hpo_c_output/resources/wml_model/pipeline_model.json"},{"content_format":"pipeline-node","file_name":"P4_automl.zip","location":"auto_ml/91e8f3f6-276e-414a-9cf3-46135f38b994/wml_data/498b7a08-1086-419e-9b95-c8dbbe26f561/assets/498b7a08-1086-419e-9b95-c8dbbe26f561_P4_hpo_c_output/resources/wml_model/P4_automl.zip","pipeline_node_id":"automl"},{"content_format":"native","file_name":"pipeline_model.json","location":"auto_ml/91e8f3f6-276e-414a-9cf3-46135f38b994/wml_data/498b7a08-1086-419e-9b95-c8dbbe26f561/assets/498b7a08-1086-419e-9b95-c8dbbe26f561_P4_hpo_c_output/resources/wml_model/pipeline_model.json"}],"location":{"path":"auto_ml/91e8f3f6-276e-414a-9cf3-46135f38b994/wml_data","notebooks_path":"auto_ml/91e8f3f6-276e-414a-9cf3-46135f38b994/wml_data/498b7a08-1086-419e-9b95-c8dbbe26f561/notebooks","training":"auto_ml/91e8f3f6-276e-414a-9cf3-46135f38b994/wml_data/498b7a08-1086-419e-9b95-c8dbbe26f561","training_status":"auto_ml/91e8f3f6-276e-414a-9cf3-46135f38b994/wml_data/498b7a08-1086-419e-9b95-c8dbbe26f561/training-status.json","bucket":"icdemoautoai-donotdelete-pr-qtdxkgey11cp9c","type":"s3","assets_path":"auto_ml/91e8f3f6-276e-414a-9cf3-46135f38b994/wml_data/498b7a08-1086-419e-9b95-c8dbbe26f561/assets"},"type":"s3"},"training_data_references":[{"connection":{"endpoint_url":"https://s3-api.us-geo.objectstorage.softlayer.net","auth_endpoint":"https://iam.bluemix.net/oidc/token/","api_key":"lFzlxTi7PHPB151fTYWOSuJ-jWX_QulnkciuED39XQm5","secret_access_key":"76b1ddd28e19a5281e71740c607696ba34a01824dcd28a40","access_key_id":"4d3b33e6ec6e4ce0bc57fd094393a6cd","service_instance_id":"iam-ServiceId-f09e5fdb-6bf0-4efa-bf62-3d94ddaea08d"},"location":{"bucket":"icdemoautoai-donotdelete-pr-qtdxkgey11cp9c","path":"credit_risk_training.csv","type":"s3"},"type":"s3"}],"software_spec":{"base_id":"8c1a58c6-62b5-4dc4-987a-df751c2756b6","name":"hybrid_0.1"},"content_import_state":"completed"}},"attachments":[{"id":"47bdd620-93b6-410f-9e9a-3ee989f42ced","version":2,"asset_type":"wml_model","name":"P4_automl.zip","datasource_type":"193a97c1-4475-4a19-b90c-295c4fdc6517","creator_id":"IBMid-50U4T7KF3V","create_time":1619006890577,"size":6687,"is_remote":false,"is_managed":true,"is_referenced":false,"is_object_key_read_only":false,"is_user_provided_path_key":false,"transfer_complete":true,"is_partitioned":false,"complete_time_ticks":1619006892461,"user_data":{"content_format":"pipeline-node","pipeline_node_id":"automl"},"test_doc":0,"handle":{"bucket":"icdemoautoai-donotdelete-pr-qtdxkgey11cp9c","location":"us-geo","type":"bluemix_cos","key":"dbd52bae-21b0-4e1a-a5ca-29ab90e32cb8/0fdc934f-a2d3-41c3-bbad-0577111234af/47bdd620-93b6-410f-9e9a-3ee989f42ced","upload_id":"done","max_part_num":1},"usage":{"access_count":0,"last_accessor_id":"IBMid-50U4T7KF3V","last_access_time":1619006890577}},{"id":"63912c62-b6fd-4b6d-84ad-87400efb4d1b","version":2,"asset_type":"wml_model","name":"pipeline_model.json","datasource_type":"193a97c1-4475-4a19-b90c-295c4fdc6517","creator_id":"IBMid-50U4T7KF3V","create_time":1619006894244,"size":1541,"is_remote":false,"is_managed":true,"is_referenced":false,"is_object_key_read_only":false,"is_user_provided_path_key":false,"transfer_complete":true,"is_partitioned":false,"complete_time_ticks":1619006896164,"user_data":{"content_format":"native"},"test_doc":0,"handle":{"bucket":"icdemoautoai-donotdelete-pr-qtdxkgey11cp9c","location":"us-geo","type":"bluemix_cos","key":"dbd52bae-21b0-4e1a-a5ca-29ab90e32cb8/0fdc934f-a2d3-41c3-bbad-0577111234af/63912c62-b6fd-4b6d-84ad-87400efb4d1b","upload_id":"done","max_part_num":1},"usage":{"access_count":0,"last_accessor_id":"IBMid-50U4T7KF3V","last_access_time":1619006894244}}]}
