{"metadata":{"asset_id":"a52c0f86-76ba-4cd8-ae52-371de7298d69","asset_attributes":["data_asset"],"name":"evaluation_data.csv","asset_type":"data_asset","created_at":"2021-01-08T17:26:15Z","description":"","origin_country":"us","owner_id":"IBMid-110000B3QC","project_id":"11c3df51-44fc-4303-b86e-4f656f0030b4","size":87460,"tags":[],"usage":{"last_update_time":1610126776896,"last_updated_at":"2021-01-08T17:26:16Z"}},"entity":{"data_asset":{"mime_type":"text/csv","dataset":false}},"attachments":[{"id":"3cdfc6ff-b549-4412-bdfd-d86ba14ac99d","version":2,"asset_type":"data_asset","name":"evaluation_data.csv","mime":"text/csv","datasource_type":"193a97c1-4475-4a19-b90c-295c4fdc6517","object_key":"evaluation_data.csv","creator_id":"IBMid-110000B3QC","create_time":1610126776896,"size":87460,"is_remote":false,"is_managed":false,"is_referenced":true,"is_object_key_read_only":true,"is_user_provided_path_key":true,"transfer_complete":true,"is_partitioned":false,"complete_time_ticks":1610126776896,"user_data":{},"test_doc":0,"handle":{"bucket":"faststart2021-donotdelete-pr-blnyt56dg8bhbo","location":"us-geo","key":"evaluation_data.csv","upload_id":"done","max_part_num":1},"usage":{"access_count":0,"last_accessor_id":"IBMid-110000B3QC","last_access_time":1610126776896}}]}
