{"metadata":{"asset_id":"f2c75f88-c79e-4123-9bf5-7fb8cb1957fa","asset_attributes":["data_asset"],"name":"hr_training_data_autoai.csv","asset_type":"data_asset","created_at":"2020-12-10T16:37:25Z","description":"","origin_country":"us","owner_id":"IBMid-110000B3QC","project_id":"11c3df51-44fc-4303-b86e-4f656f0030b4","size":369664,"tags":[],"usage":{"last_update_time":1607618323694,"last_updated_at":"2020-12-10T16:38:43Z"}},"entity":{"data_asset":{"mime_type":"text/csv","dataset":false}},"attachments":[{"id":"98c01a7b-e5d4-4714-b6f0-2a6da9b2a02f","version":2,"asset_type":"data_asset","name":"hr_training_data_autoai.csv","mime":"text/csv","datasource_type":"193a97c1-4475-4a19-b90c-295c4fdc6517","object_key":"hr_training_data_autoai.csv","creator_id":"IBMid-110000B3QC","create_time":1607618247949,"size":369664,"is_remote":false,"is_managed":false,"is_referenced":true,"is_object_key_read_only":true,"is_user_provided_path_key":true,"transfer_complete":true,"is_partitioned":false,"complete_time_ticks":1607618247949,"user_data":{},"test_doc":0,"handle":{"bucket":"faststart2021-donotdelete-pr-blnyt56dg8bhbo","location":"us-geo","key":"hr_training_data_autoai.csv","upload_id":"done","max_part_num":1},"usage":{"access_count":1,"last_accessor_id":"IBMid-110000B3QC","last_access_time":1607618323693,"last_updater_id":"IBMid-110000B3QC","last_update_time":1607618323693}}]}
