{"metadata":{"asset_id":"3a9f578b-53d7-40e0-a7f5-fcf01b843687","asset_attributes":["notebook"],"name":"Hiring - Spark","asset_type":"notebook","created_at":"2020-12-23T18:13:48Z","description":"","origin_country":"us","owner_id":"IBMid-110000B3QC","project_id":"11c3df51-44fc-4303-b86e-4f656f0030b4","size":39363,"tags":["notebook"],"usage":{"last_update_time":1608762101423,"last_updated_at":"2020-12-23T22:21:41Z"}},"entity":{"notebook":{"kernel":{"name":"python3","display_name":"Python 3.7","language":"python"},"originates_from":{"url":"https://raw.githubusercontent.com/ericmartens/indirect-bias/main/notebooks/hiring_preprod.ipynb","type":"url"},"runtime":{"environment":"conda2py37-11c3df51-44fc-4303-b86e-4f656f0030b4"}}},"attachments":[{"id":"1c3fdc44-7048-4550-a6dd-235a5de8861e","version":2,"asset_type":"notebook","name":"attachment for notebook 3a9f578b-53d7-40e0-a7f5-fcf01b843687","description":"attachment for notebook 3a9f578b-53d7-40e0-a7f5-fcf01b843687","mime":"application/json","datasource_type":"193a97c1-4475-4a19-b90c-295c4fdc6517","object_key":"notebook/Hiring_-_Spark_BecG4_Rue.ipynb","creator_id":"IBMid-110000B3QC","create_time":1608747229443,"size":39363,"is_remote":false,"is_managed":false,"is_referenced":true,"is_object_key_read_only":false,"is_user_provided_path_key":true,"transfer_complete":true,"is_partitioned":false,"complete_time_ticks":1608747229443,"user_data":{},"test_doc":0,"handle":{"bucket":"faststart2021-donotdelete-pr-blnyt56dg8bhbo","location":"us-geo","key":"notebook/Hiring_-_Spark_BecG4_Rue.ipynb","upload_id":"done","max_part_num":1},"usage":{"access_count":0,"last_accessor_id":"IBMid-110000B3QC","last_access_time":1608747229443}}]}
