{"metadata":{"asset_id":"7f5c9404-ce1d-4cfc-92dd-5d9fb2d200b1","asset_attributes":["wml_model"],"name":"PySpark Hiring Challenger","asset_type":"wml_model","created_at":"2020-12-23T19:29:26Z","description":"","origin_country":"us","owner_id":"IBMid-110000B3QC","project_id":"11c3df51-44fc-4303-b86e-4f656f0030b4","sandbox_id":"11c3df51-44fc-4303-b86e-4f656f0030b4","size":70420,"tags":[],"usage":{"last_update_time":1608751775100,"last_updated_at":"2020-12-23T19:29:35Z"}},"entity":{"wml_model":{"training_data_references":[{"connection":{"access_key_id":"not_applicable","endpoint_url":"not_applicable","secret_access_key":"not_applicable"},"id":"1","location":{},"schema":{"fields":[{"metadata":{},"name":"Age","nullable":true,"type":"long"},{"metadata":{},"name":"BusinessTravel","nullable":true,"type":"string"},{"metadata":{},"name":"Department","nullable":true,"type":"string"},{"metadata":{},"name":"DistanceFromHome","nullable":true,"type":"long"},{"metadata":{},"name":"Education","nullable":true,"type":"string"},{"metadata":{},"name":"EducationField","nullable":true,"type":"string"},{"metadata":{},"name":"RelevantEducationLevel","nullable":true,"type":"string"},{"metadata":{},"name":"JobLevel","nullable":true,"type":"string"},{"metadata":{},"name":"JobRole","nullable":true,"type":"string"},{"metadata":{},"name":"MaritalStatus","nullable":true,"type":"string"},{"metadata":{},"name":"NumCompaniesWorked","nullable":true,"type":"long"},{"metadata":{},"name":"OverTime","nullable":true,"type":"string"},{"metadata":{},"name":"InterviewScore","nullable":true,"type":"string"},{"metadata":{},"name":"ResumeScore","nullable":true,"type":"string"},{"metadata":{},"name":"RequestedBenefits","nullable":true,"type":"string"},{"metadata":{},"name":"TotalWorkingYears","nullable":true,"type":"long"},{"metadata":{},"name":"PreferredSkills","nullable":true,"type":"string"},{"metadata":{},"name":"YearsAtCurrentCompany","nullable":true,"type":"double"},{"metadata":{},"name":"RelevantExperience","nullable":true,"type":"long"},{"metadata":{},"name":"JobType","nullable":true,"type":"string"},{"metadata":{},"name":"SalaryExpectation","nullable":true,"type":"string"},{"metadata":{"modeling_role":"target"},"name":"HIRED","nullable":true,"type":"string"}],"id":"1","type":"struct"},"type":"s3"}],"label_column":"HIRED","software_spec":{"base_id":"390d21f8-e58b-4fac-9c55-d7ceda621326","name":"spark-mllib_2.4"},"pipeline":{"id":"3b3f3e2e-d863-4bfd-8dd4-13d4a9904acd"},"ml_version":"4.0.5","type":"mllib_2.4"}},"attachments":[{"id":"bf74e473-4d73-4eb2-bfe6-97c418062ee3","version":2,"asset_type":"wml_model","datasource_type":"193a97c1-4475-4a19-b90c-295c4fdc6517","creator_id":"IBMid-110000B3QC","create_time":1608751773171,"size":70420,"is_remote":false,"is_managed":true,"is_referenced":false,"is_object_key_read_only":false,"is_user_provided_path_key":false,"transfer_complete":true,"is_partitioned":false,"complete_time_ticks":1608751775098,"user_data":{"content_format":"native"},"test_doc":0,"handle":{"bucket":"faststart2021-donotdelete-pr-blnyt56dg8bhbo","location":"us-geo","type":"bluemix_cos","key":"db06d08d-8a72-404d-bf57-5a26992071b8/7f5c9404-ce1d-4cfc-92dd-5d9fb2d200b1/bf74e473-4d73-4eb2-bfe6-97c418062ee3","upload_id":"done","max_part_num":1},"usage":{"access_count":0,"last_accessor_id":"IBMid-110000B3QC","last_access_time":1608751773171}}]}
