{"metadata":{"asset_id":"22c45065-4a5b-45b4-9d16-dca3fb849fc3","asset_attributes":["wml_model"],"name":"Hiring experiment - AutoAI LGBM","asset_type":"wml_model","created_at":"2020-12-10T17:13:36Z","description":"","origin_country":"us","owner_id":"IBMid-110000B3QC","project_id":"11c3df51-44fc-4303-b86e-4f656f0030b4","sandbox_id":"11c3df51-44fc-4303-b86e-4f656f0030b4","size":98892,"tags":[],"usage":{"last_update_time":1607620429490,"last_updated_at":"2020-12-10T17:13:49Z"}},"entity":{"wml_model":{"hybrid_pipeline_software_specs":[{"base_id":"632d4b22-10aa-5180-88f0-f52dfb6444d7","name":"autoai-kb_3.1-py3.7"}],"pipeline":{"id":"094e9a7c-c9b2-4f43-b203-3705a4ec2213"},"ml_version":"4.0.5","type":"wml-hybrid_0.1","schemas":{"input":[{"fields":[{"name":"Age","type":"integer"},{"name":"BusinessTravel","type":"other"},{"name":"Department","type":"other"},{"name":"DistanceFromHome","type":"integer"},{"name":"Education","type":"other"},{"name":"EducationField","type":"other"},{"name":"RelevantEducationLevel","type":"other"},{"name":"JobLevel","type":"other"},{"name":"JobRole","type":"other"},{"name":"MaritalStatus","type":"other"},{"name":"NumCompaniesWorked","type":"integer"},{"name":"OverTime","type":"other"},{"name":"InterviewScore","type":"other"},{"name":"ResumeScore","type":"other"},{"name":"RequestedBenefits","type":"other"},{"name":"TotalWorkingYears","type":"integer"},{"name":"PreferredSkills","type":"other"},{"name":"YearsAtCurrentCompany","type":"double"},{"name":"RelevantExperience","type":"integer"},{"name":"JobType","type":"other"},{"name":"SalaryExpectation","type":"other"}],"id":"auto_ai_kb_input_schema"}],"output":[]},"content_location":{"connection":{"access_key_id":"3bb0825e3ed84882a126f45383286cf7","endpoint_url":"https://s3-api.us-geo.objectstorage.softlayer.net","secret_access_key":"2ecc5d6462b00535f4a932659406258bf89152801583221e","accessKeyId":"3bb0825e3ed84882a126f45383286cf7"},"contents":[{"content_format":"native","file_name":"pipeline_model.json","location":"auto_ml/80743ff4-5a79-4ddd-9306-9449ba40ce55/wml_data/4b5e9849-135f-44e4-abc8-c33eff2308e9/assets/4b5e9849-135f-44e4-abc8-c33eff2308e9_P3_cognito_output/resources/wml_model/pipeline_model.json"},{"content_format":"pipeline-node","file_name":"P3_automl.zip","location":"auto_ml/80743ff4-5a79-4ddd-9306-9449ba40ce55/wml_data/4b5e9849-135f-44e4-abc8-c33eff2308e9/assets/4b5e9849-135f-44e4-abc8-c33eff2308e9_P3_cognito_output/resources/wml_model/P3_automl.zip","pipeline_node_id":"automl"},{"content_format":"native","file_name":"pipeline_model.json","location":"auto_ml/80743ff4-5a79-4ddd-9306-9449ba40ce55/wml_data/4b5e9849-135f-44e4-abc8-c33eff2308e9/assets/4b5e9849-135f-44e4-abc8-c33eff2308e9_P3_cognito_output/resources/wml_model/pipeline_model.json"}],"location":{"path":"auto_ml/80743ff4-5a79-4ddd-9306-9449ba40ce55/wml_data","training":"auto_ml/80743ff4-5a79-4ddd-9306-9449ba40ce55/wml_data/4b5e9849-135f-44e4-abc8-c33eff2308e9","training_status":"auto_ml/80743ff4-5a79-4ddd-9306-9449ba40ce55/wml_data/4b5e9849-135f-44e4-abc8-c33eff2308e9/training-status.json","bucket":"faststart2021-donotdelete-pr-blnyt56dg8bhbo","type":"s3","assets_path":"auto_ml/80743ff4-5a79-4ddd-9306-9449ba40ce55/wml_data/4b5e9849-135f-44e4-abc8-c33eff2308e9/assets"},"type":"s3"},"training_data_references":[{"connection":{"endpoint_url":"https://s3-api.us-geo.objectstorage.softlayer.net","auth_endpoint":"https://iam.bluemix.net/oidc/token/","api_key":"rRNy4JNHbdxDNvvZ7W1FD1wGMXcThyrfaa9FGVZkrQD7","secret_access_key":"2ecc5d6462b00535f4a932659406258bf89152801583221e","access_key_id":"3bb0825e3ed84882a126f45383286cf7","service_instance_id":"iam-ServiceId-bd814c52-ff86-4664-8f3d-47a14365fca8"},"location":{"bucket":"faststart2021-donotdelete-pr-blnyt56dg8bhbo","path":"hr_training_data_autoai.csv","type":"s3"},"type":"s3"}],"software_spec":{"base_id":"8c1a58c6-62b5-4dc4-987a-df751c2756b6","name":"hybrid_0.1"},"content_import_state":"completed"}},"attachments":[{"id":"7047a984-9040-40ce-91b3-ffabee4bb105","version":2,"asset_type":"wml_model","name":"P3_automl.zip","datasource_type":"193a97c1-4475-4a19-b90c-295c4fdc6517","creator_id":"IBMid-110000B3QC","create_time":1607620421618,"size":97353,"is_remote":false,"is_managed":true,"is_referenced":false,"is_object_key_read_only":false,"is_user_provided_path_key":false,"transfer_complete":true,"is_partitioned":false,"complete_time_ticks":1607620423830,"user_data":{"content_format":"pipeline-node","pipeline_node_id":"automl"},"test_doc":0,"handle":{"bucket":"faststart2021-donotdelete-pr-blnyt56dg8bhbo","location":"us-geo","type":"bluemix_cos","key":"db06d08d-8a72-404d-bf57-5a26992071b8/22c45065-4a5b-45b4-9d16-dca3fb849fc3/7047a984-9040-40ce-91b3-ffabee4bb105","upload_id":"done","max_part_num":1},"usage":{"access_count":0,"last_accessor_id":"IBMid-110000B3QC","last_access_time":1607620421618}},{"id":"5649a089-a8c7-478c-a20d-fe1bc744d918","version":2,"asset_type":"wml_model","name":"pipeline_model.json","datasource_type":"193a97c1-4475-4a19-b90c-295c4fdc6517","creator_id":"IBMid-110000B3QC","create_time":1607620426641,"size":1539,"is_remote":false,"is_managed":true,"is_referenced":false,"is_object_key_read_only":false,"is_user_provided_path_key":false,"transfer_complete":true,"is_partitioned":false,"complete_time_ticks":1607620429250,"user_data":{"content_format":"native"},"test_doc":0,"handle":{"bucket":"faststart2021-donotdelete-pr-blnyt56dg8bhbo","location":"us-geo","type":"bluemix_cos","key":"db06d08d-8a72-404d-bf57-5a26992071b8/22c45065-4a5b-45b4-9d16-dca3fb849fc3/5649a089-a8c7-478c-a20d-fe1bc744d918","upload_id":"done","max_part_num":1},"usage":{"access_count":0,"last_accessor_id":"IBMid-110000B3QC","last_access_time":1607620426641}}]}
