{"metadata":{"asset_id":"094e9a7c-c9b2-4f43-b203-3705a4ec2213","asset_attributes":["wml_pipeline"],"name":"Hiring experiment","asset_type":"wml_pipeline","created_at":"2020-12-10T16:57:25Z","description":"","origin_country":"us","owner_id":"IBMid-110000B3QC","project_id":"11c3df51-44fc-4303-b86e-4f656f0030b4","sandbox_id":"11c3df51-44fc-4303-b86e-4f656f0030b4","size":0,"tags":["dsx-project.11c3df51-44fc-4303-b86e-4f656f0030b4"],"usage":{"last_update_time":1607619445233,"last_updated_at":"2020-12-10T16:57:25Z"}},"entity":{"wml_pipeline":{"document":{"doc_type":"pipeline","pipelines":[{"id":"autoai","nodes":[{"id":"automl","op":"kube","parameters":{"output_logs":true,"input_file_separator":",","stage_flag":true,"optimization":{"compute_pipeline_notebooks_flag":true,"daub_adaptive_subsampling_max_mem_usage":15000000000,"holdout_param":0.1,"label":"HIRED","learning_type":"classification","max_num_daub_ensembles":2,"positive_label":"YES","run_cognito_flag":true,"scorer_for_ranking":"accuracy"},"one_vs_all_file":true},"runtime_ref":"autoai","type":"execution_node"}],"runtime_ref":"hybrid"}],"primary_pipeline":"autoai","runtimes":[{"app_data":{"wml_data":{"hardware_spec":{"base_id":"a6c4923b-b8e4-444c-9f43-8a7ec3020110","name":"L"}}},"id":"autoai","name":"auto_ai.kb"}],"version":"2.0"},"ml_version":"4.0.0"}}}
