{"metadata":{"asset_id":"ec7bc6f0-9068-4691-a7ed-1147b7a74007","asset_attributes":["wml_model_definition"],"name":"PySpark Hiring Challenger_BpWRFkEl","asset_type":"wml_model_definition","created_at":"2020-12-23T19:29:22Z","description":"","origin_country":"us","owner_id":"IBMid-110000B3QC","project_id":"11c3df51-44fc-4303-b86e-4f656f0030b4","sandbox_id":"11c3df51-44fc-4303-b86e-4f656f0030b4","size":4139,"tags":["generated_tag_d454b2af-4f19-4fb3-b392-bb79abf86fe3"],"usage":{"last_update_time":1608751765372,"last_updated_at":"2020-12-23T19:29:25Z"}},"entity":{"wml_model_definition":{"ml_version":"4.0.0","version":"1.0","platform":{"name":"python","versions":["3.6"]}}},"attachments":[{"id":"c9b19643-85eb-4c6e-9626-4d88f42e78a1","version":2,"asset_type":"wml_model_definition","name":"model_definition_attachment","datasource_type":"193a97c1-4475-4a19-b90c-295c4fdc6517","creator_id":"IBMid-110000B3QC","create_time":1608751763259,"size":4139,"is_remote":false,"is_managed":true,"is_referenced":false,"is_object_key_read_only":false,"is_user_provided_path_key":false,"transfer_complete":true,"is_partitioned":false,"complete_time_ticks":1608751765371,"user_data":{},"test_doc":0,"handle":{"bucket":"faststart2021-donotdelete-pr-blnyt56dg8bhbo","location":"us-geo","type":"bluemix_cos","key":"db06d08d-8a72-404d-bf57-5a26992071b8/ec7bc6f0-9068-4691-a7ed-1147b7a74007/c9b19643-85eb-4c6e-9626-4d88f42e78a1","upload_id":"done","max_part_num":1},"usage":{"access_count":0,"last_accessor_id":"IBMid-110000B3QC","last_access_time":1608751763259}}]}
