{"metadata":{"asset_id":"3b3f3e2e-d863-4bfd-8dd4-13d4a9904acd","asset_attributes":["wml_pipeline"],"name":"PySpark Hiring Challenger_pUm03OkC","asset_type":"wml_pipeline","created_at":"2020-12-23T19:29:25Z","description":"","origin_country":"us","owner_id":"IBMid-110000B3QC","project_id":"11c3df51-44fc-4303-b86e-4f656f0030b4","sandbox_id":"11c3df51-44fc-4303-b86e-4f656f0030b4","size":0,"tags":[],"usage":{"last_update_time":1608751765853,"last_updated_at":"2020-12-23T19:29:25Z"}},"entity":{"wml_pipeline":{"document":{"doc_type":"pipeline","pipelines":[{"id":"dlaas_only","nodes":[{"id":"repository","inputs":[],"outputs":[],"parameters":{"model_definition":{"id":"ec7bc6f0-9068-4691-a7ed-1147b7a74007"}},"type":"model_node"}],"runtime_ref":"spark"}],"primary_pipeline":"dlaas_only","version":"2.0"},"model_definition_dependencies":["ec7bc6f0-9068-4691-a7ed-1147b7a74007"],"ml_version":"4.0.0"}}}
